t,C_free_GB,C_free_perf_GB,pf_alloc_GB,pf_used_GB,commit_used_GB
11:16:25.617,4.351,4.351,35.495,0.846,54.827
11:16:28.714,4.351,4.351,35.495,0.846,54.807
11:16:31.836,4.350,4.351,35.495,0.846,54.807
11:16:34.934,4.350,4.351,35.495,0.846,54.829
11:16:38.060,4.350,4.351,35.495,0.846,54.830
11:16:41.146,4.349,4.351,35.495,0.846,54.824
11:16:44.239,4.347,4.351,35.495,0.846,54.825
11:16:47.337,4.347,4.351,35.495,0.846,54.807
11:16:50.429,4.346,4.351,35.495,0.846,54.820
11:16:53.522,4.333,4.351,35.495,0.846,54.788
11:16:56.609,4.333,4.351,35.495,0.846,54.789
11:16:59.695,4.333,4.351,35.495,0.846,54.793
11:17:02.790,4.333,4.351,35.495,0.846,54.790
11:17:05.880,4.333,4.351,35.495,0.846,54.791
11:17:08.982,4.332,4.351,35.495,0.846,54.775
11:17:12.074,4.332,4.351,35.495,0.846,54.796
11:17:15.167,4.331,4.351,35.495,0.846,54.775
11:17:18.264,4.331,4.351,35.495,0.846,54.788
11:17:21.351,4.331,4.351,35.495,0.846,54.787
11:17:24.454,4.331,4.351,35.495,0.846,54.795
11:17:27.554,4.331,4.351,35.495,0.846,54.792
11:17:30.648,4.331,4.351,35.495,0.846,54.777
11:17:33.747,4.331,4.351,35.495,0.846,54.804
11:17:36.843,4.331,4.351,35.495,0.846,54.797
11:17:39.935,4.330,4.351,35.495,0.846,54.797
11:17:43.027,4.330,4.351,35.495,0.846,54.784
11:17:46.114,4.330,4.351,35.495,0.846,54.913
11:17:49.221,4.330,4.351,35.495,0.846,54.857
11:17:52.313,4.330,4.351,35.495,0.846,54.792
11:17:55.405,4.330,4.351,35.495,0.846,54.778
11:17:58.488,4.330,4.351,35.495,0.846,54.820
11:18:01.592,4.329,4.351,35.495,0.846,54.826
11:18:04.680,4.329,4.351,35.495,0.846,54.813
11:18:07.768,4.329,4.351,35.495,0.846,54.816
11:18:10.858,4.328,4.351,35.495,0.846,54.890
11:18:13.951,4.328,4.351,35.495,0.846,54.924
11:18:17.046,4.328,4.351,35.495,0.846,64.682
11:18:20.149,4.328,4.351,35.495,0.846,64.819
11:18:23.246,4.328,4.351,35.495,0.846,64.836
11:18:26.342,4.328,4.351,35.495,0.846,64.833
11:18:29.444,4.328,4.351,35.495,0.846,64.828
11:18:32.546,4.328,4.351,35.495,0.846,64.749
11:18:35.640,4.328,4.351,35.495,0.846,64.746
11:18:38.734,4.328,4.351,35.495,0.846,64.755
11:18:41.827,4.327,4.351,35.495,0.846,64.743
11:18:44.921,4.327,4.351,35.495,0.846,64.751
11:18:48.018,4.326,4.351,35.495,0.846,64.731
11:18:51.116,4.326,4.351,35.495,0.846,64.734
11:18:54.210,4.326,4.351,35.495,0.846,64.831
11:18:57.312,4.326,4.351,35.495,0.846,64.743
11:19:00.415,4.326,4.351,35.495,0.846,64.769
11:19:03.512,4.322,4.351,35.495,0.846,64.753
11:19:06.615,4.321,4.351,35.495,0.846,64.743
11:19:09.708,4.321,4.351,35.495,0.846,64.758
11:19:12.850,4.321,4.351,35.495,0.846,64.744
11:19:15.955,4.309,4.351,35.495,0.846,64.757
11:19:19.053,4.309,4.351,35.495,0.846,64.741
11:19:22.169,4.309,4.351,35.495,0.846,64.742
11:19:25.263,4.309,4.351,35.495,0.846,64.738
11:19:28.357,4.308,4.351,35.495,0.846,64.737
11:19:31.454,4.308,4.351,35.495,0.846,64.755
11:19:34.542,4.308,4.351,35.495,0.846,64.756
11:19:37.628,4.308,4.351,35.495,0.846,64.737
11:19:40.712,4.308,4.351,35.495,0.846,64.739
11:19:43.796,4.308,4.351,35.495,0.846,64.735
11:19:46.893,4.308,4.351,35.495,0.846,64.738
11:19:49.987,4.308,4.351,35.495,0.846,64.734
11:19:53.077,4.308,4.351,35.495,0.846,64.733
11:19:56.162,4.308,4.351,35.495,0.846,64.737
11:19:59.252,4.307,4.351,35.495,0.846,64.753
11:20:02.360,4.307,4.351,35.495,0.846,64.825
11:20:05.453,4.307,4.351,35.495,0.846,64.739
11:20:08.538,4.307,4.351,35.495,0.846,64.833
11:20:11.635,4.307,4.351,35.495,0.846,64.742
11:20:14.756,4.307,4.351,35.495,0.846,64.756
11:20:17.853,4.307,4.351,35.495,0.846,64.754
11:20:20.948,4.307,4.351,35.495,0.846,64.737
11:20:24.047,4.306,4.351,35.495,0.846,64.795
11:20:27.130,4.306,4.351,35.495,0.846,64.738
11:20:30.218,4.306,4.351,35.495,0.846,64.750
11:20:33.308,4.305,4.351,35.495,0.846,64.754
11:20:36.450,4.305,4.351,35.495,0.846,64.755
11:20:39.555,4.305,4.351,35.495,0.846,64.757
11:20:42.652,4.305,4.351,35.495,0.846,64.749
11:20:45.751,4.304,4.351,35.495,0.846,65.038
11:20:48.842,4.305,4.351,35.495,0.846,64.919
11:20:51.975,4.304,4.351,35.495,0.846,64.879
11:20:55.076,4.304,4.351,35.495,0.846,64.915
11:20:58.222,4.304,4.351,35.495,0.846,64.835
11:21:01.339,4.304,4.351,35.495,0.846,64.844
11:21:04.444,4.304,4.351,35.495,0.846,64.825
11:21:07.592,4.303,4.351,35.495,0.846,64.816
11:21:10.687,4.303,4.351,35.495,0.846,64.833
11:21:13.777,4.303,4.351,35.495,0.846,64.805
11:21:16.861,4.303,4.351,35.495,0.846,64.727
11:21:19.964,4.303,4.351,35.495,0.846,64.726
11:21:23.065,4.302,4.351,35.495,0.846,64.739
11:21:26.154,4.302,4.301,35.495,0.846,64.743
11:21:29.243,4.302,4.301,35.495,0.846,64.724
11:21:32.319,4.301,4.301,35.495,0.846,64.729
11:21:35.404,4.286,4.301,35.495,0.846,64.715
11:21:38.500,4.286,4.301,35.495,0.846,64.721
11:21:41.586,4.285,4.301,35.495,0.846,64.704
11:21:44.681,4.285,4.301,35.495,0.846,64.700
11:21:47.794,4.285,4.301,35.495,0.846,64.700
11:21:50.882,4.285,4.301,35.495,0.846,64.701
11:21:53.977,4.285,4.301,35.495,0.846,64.792
11:21:57.069,4.285,4.301,35.495,0.846,64.827
11:22:00.167,4.284,4.301,35.495,0.846,64.813
11:22:03.289,4.284,4.301,35.495,0.846,66.285
11:22:06.409,4.284,4.301,35.495,0.846,66.188
11:22:09.517,4.284,4.301,35.495,0.846,65.085
11:22:12.615,4.284,4.301,35.495,0.846,64.953
11:22:15.704,4.284,4.301,35.495,0.846,64.694
11:22:18.783,4.284,4.301,35.495,0.846,64.567
11:22:21.873,4.284,4.301,35.495,0.846,64.566
11:22:24.981,4.284,4.301,35.495,0.846,64.572
11:22:28.091,4.283,4.301,35.495,0.846,64.568
11:22:31.179,4.282,4.301,35.495,0.846,64.557
11:22:34.278,4.282,4.301,35.495,0.846,64.581
11:22:37.373,4.282,4.301,35.495,0.846,64.581
11:22:40.461,4.282,4.301,35.495,0.846,64.580
11:22:43.565,4.281,4.301,35.495,0.846,64.635
11:22:46.654,4.281,4.301,35.495,0.841,64.567
11:22:49.741,4.281,4.301,35.495,0.841,64.581
11:22:52.846,4.281,4.301,35.495,0.841,64.657
11:22:55.940,4.281,4.301,35.495,0.841,64.662
11:22:59.043,4.280,4.301,35.495,0.841,64.588
11:23:02.127,4.286,4.301,35.495,0.841,64.658
11:23:05.228,10.650,4.301,35.495,0.841,64.567
11:23:08.315,11.129,4.301,35.495,0.841,64.542
11:23:11.409,11.129,4.301,35.495,0.841,64.560
11:23:14.503,11.129,4.301,35.495,0.841,64.544
11:23:17.596,11.129,4.301,35.495,0.841,64.545
11:23:20.692,11.129,4.301,35.495,0.841,64.531
11:23:23.797,11.125,4.301,35.495,0.841,64.546
11:23:26.892,11.125,4.301,35.495,0.841,64.531
11:23:29.974,11.124,4.301,35.495,0.841,64.528
11:23:33.074,11.124,4.301,35.495,0.841,64.533
11:23:36.173,11.111,4.301,35.495,0.841,64.529
11:23:39.253,11.111,4.301,35.495,0.841,64.528
11:23:42.342,11.111,4.301,35.495,0.841,64.526
11:23:45.434,11.111,4.301,35.495,0.841,64.539
11:23:48.536,11.111,4.301,35.495,0.841,64.533
11:23:51.633,11.111,4.301,35.495,0.841,64.540
11:23:54.729,11.110,4.301,35.495,0.841,64.539
11:23:57.860,11.162,4.301,35.495,0.841,64.861
11:24:00.982,11.114,4.301,35.495,0.841,65.065
11:24:04.068,11.105,4.301,35.495,0.841,64.795
11:24:07.160,11.104,4.301,35.495,0.841,64.587
11:24:10.262,11.104,4.301,35.495,0.841,64.582
11:24:13.369,11.190,4.301,35.495,0.841,64.973
11:24:16.469,11.114,4.301,35.495,0.841,65.085
11:24:19.617,11.109,4.301,37.483,0.841,66.668
11:24:22.721,11.027,4.301,37.483,0.841,65.826
11:24:25.829,10.928,4.301,37.483,0.841,65.254
11:24:28.937,10.911,4.301,37.483,0.841,65.300
11:24:32.033,10.911,4.301,37.483,0.841,65.465
11:24:35.133,10.867,4.301,37.483,0.841,65.170
11:24:38.247,10.821,4.301,37.483,0.841,65.022
11:24:41.335,10.808,4.301,37.483,0.841,65.089
11:24:44.431,10.792,4.301,37.483,0.841,65.245
11:24:47.525,10.789,4.301,37.483,0.841,65.095
11:24:50.621,10.781,4.301,37.483,0.841,64.566
11:24:53.711,10.788,4.301,37.483,0.841,64.526
11:24:56.796,10.788,4.301,37.483,0.841,64.547
11:24:59.889,10.788,4.301,37.483,0.841,64.546
11:25:02.987,10.788,4.301,37.483,0.841,64.535
11:25:06.084,10.788,4.301,37.483,0.841,64.544
11:25:09.174,10.788,4.301,37.483,0.841,64.628
11:25:12.267,10.788,4.301,37.483,0.841,64.653
11:25:15.369,10.787,4.301,37.483,0.841,64.656
11:25:18.464,10.787,4.301,37.483,0.841,64.634
11:25:21.553,10.787,4.301,37.483,0.841,64.611
11:25:24.642,10.787,4.301,37.483,0.841,64.635
11:25:27.727,10.787,4.301,37.483,0.841,64.639
11:25:30.833,10.786,4.301,37.483,0.841,64.627
11:25:33.909,10.786,4.301,37.483,0.841,64.562
11:25:36.994,10.786,4.301,37.483,0.841,64.545
11:25:40.069,10.786,4.301,37.483,0.841,64.543
11:25:43.162,10.783,4.301,37.483,0.841,64.557
11:25:46.254,10.783,4.301,37.483,0.841,64.561
11:25:49.350,10.783,4.301,37.483,0.841,64.550
11:25:52.440,10.783,4.301,37.483,0.841,64.543
11:25:55.523,10.782,4.301,37.483,0.841,64.611
11:25:58.632,10.782,4.301,37.483,0.841,64.680
11:26:01.731,10.786,4.301,37.483,0.841,64.614
11:26:04.837,10.786,4.301,37.483,0.841,64.619
11:26:07.944,10.785,4.301,37.483,0.841,64.612
11:26:11.030,10.785,4.301,37.483,0.841,64.610
11:26:14.128,10.785,4.301,37.483,0.841,64.611
11:26:17.225,10.785,4.301,37.483,0.841,64.610
11:26:20.306,10.785,4.301,37.483,0.841,64.613
11:26:23.397,10.785,4.301,37.483,0.841,64.607
11:26:26.494,10.785,4.301,37.483,0.841,64.610
11:26:29.584,10.785,10.784,37.483,0.841,64.618
11:26:32.674,10.785,10.784,37.483,0.841,64.617
11:26:35.765,10.785,10.784,37.483,0.841,64.617
11:26:38.851,10.784,10.784,37.483,0.841,64.609
11:26:41.935,10.784,10.784,37.483,0.841,64.615
11:26:45.027,10.784,10.784,37.483,0.841,64.614
11:26:48.132,10.783,10.784,37.483,0.841,64.621
11:26:51.218,10.783,10.784,37.483,0.841,64.622
11:26:54.301,10.783,10.784,37.483,0.841,64.616
11:26:57.388,10.783,10.784,37.483,0.841,64.617
11:27:00.483,10.783,10.784,37.483,0.841,64.601
11:27:03.580,10.783,10.784,37.483,0.841,64.621
11:27:06.663,10.783,10.784,37.483,0.841,64.618
11:27:09.750,10.783,10.784,37.483,0.841,64.600
11:27:12.854,10.783,10.784,37.483,0.841,64.549
11:27:15.955,10.783,10.784,37.483,0.841,64.503
11:27:19.048,10.783,10.784,37.483,0.841,64.515
11:27:22.147,10.782,10.784,37.483,0.841,64.517
11:27:25.239,10.782,10.784,37.483,0.841,64.525
11:27:28.348,10.781,10.784,37.483,0.841,64.527
11:27:31.464,10.781,10.784,37.483,0.841,64.603
11:27:34.566,10.777,10.784,37.483,0.841,64.644
11:27:37.685,10.777,10.784,37.483,0.841,64.627
11:27:40.779,10.777,10.784,37.483,0.841,64.626
11:27:43.867,10.777,10.784,37.483,0.841,64.629
11:27:46.958,10.764,10.784,37.483,0.841,64.615
11:27:50.047,10.764,10.784,37.483,0.841,64.729
11:27:53.147,10.763,10.784,37.483,0.841,64.640
11:27:56.245,10.763,10.784,37.483,0.841,64.539
11:27:59.351,10.763,10.784,37.483,0.841,64.529
11:28:02.448,10.763,10.784,37.483,0.841,64.535
11:28:05.529,10.762,10.784,37.483,0.841,64.521
11:28:08.627,10.762,10.784,37.483,0.841,64.533
11:28:11.727,10.762,10.784,37.483,0.841,64.525
11:28:14.828,10.761,10.784,37.483,0.841,64.530
11:28:17.980,10.761,10.784,37.483,0.841,64.591
11:28:21.275,10.761,10.784,37.483,0.841,66.825
11:28:24.575,10.570,10.784,38.439,0.841,68.493
11:28:27.826,10.342,10.784,39.388,0.841,68.623
11:28:31.107,10.120,10.784,39.388,0.841,67.467
11:28:34.279,9.837,10.784,39.388,0.841,67.799
11:28:37.403,9.723,10.784,42.423,0.841,72.342
11:28:40.512,9.655,10.784,42.423,0.841,73.024
11:28:43.641,9.516,10.784,43.428,0.841,67.728
11:28:46.743,9.415,10.784,43.428,0.841,66.269
11:28:49.858,9.328,10.784,50.529,0.841,81.258
11:28:52.965,1.712,10.784,51.537,0.841,81.043
11:28:56.056,1.644,10.784,51.537,0.841,64.830
11:28:59.151,1.638,10.784,51.537,0.841,65.302
11:29:02.244,1.628,10.784,51.537,0.841,64.680
11:29:05.463,1.618,10.784,51.537,0.841,68.005
11:29:08.761,1.471,10.784,51.537,0.841,69.882
11:29:11.992,1.240,10.784,51.537,0.841,68.302
11:29:15.178,0.919,10.784,51.537,0.841,67.588
11:29:18.341,0.642,10.784,51.537,0.841,68.568
11:29:21.491,0.406,10.784,51.537,0.841,67.823
11:29:24.653,0.215,10.784,51.537,0.841,68.427
11:29:27.762,0.000,10.784,51.537,0.841,66.581
11:29:30.869,0.007,10.784,51.537,0.841,66.304
11:29:33.959,0.007,10.784,51.537,0.841,66.546
11:29:37.061,0.006,10.784,51.537,0.841,66.791
11:29:40.156,0.007,10.784,51.537,0.841,64.604
11:29:43.260,0.006,10.784,51.537,0.841,64.701
11:29:46.362,0.987,10.784,51.537,0.841,64.632
11:29:49.452,0.987,10.784,51.537,0.841,64.620
11:29:52.547,0.987,10.784,51.537,0.841,64.617
11:29:55.636,0.986,10.784,50.308,0.841,64.696
11:29:58.731,2.216,10.784,50.308,0.841,64.624
11:30:01.830,2.216,10.784,50.308,0.841,64.622
11:30:04.924,2.216,10.784,50.308,0.841,64.614
11:30:08.029,2.216,10.784,50.308,0.841,64.673
11:30:11.117,2.216,10.784,50.308,0.841,64.602
11:30:14.224,2.216,10.784,50.308,0.841,64.600
11:30:17.333,2.215,10.784,50.308,0.841,64.601
11:30:20.435,2.215,10.784,50.308,0.841,64.731
11:30:23.529,2.215,10.784,50.308,0.841,64.730
11:30:26.627,2.214,10.784,50.308,0.841,64.712
11:30:29.724,2.540,10.784,49.981,0.841,64.713
11:30:32.824,2.540,10.784,49.981,0.841,64.683
11:30:35.915,2.525,10.784,49.981,0.841,64.704
11:30:39.011,2.525,10.784,49.981,0.841,64.769
11:30:42.112,2.525,10.784,49.981,0.841,64.620
11:30:45.197,2.525,10.784,49.981,0.841,64.623
11:30:48.342,2.525,10.784,49.981,0.841,64.617
11:30:51.444,2.525,10.784,49.981,0.841,64.620
11:30:54.540,2.524,10.784,49.981,0.841,64.626
11:30:57.639,2.524,10.784,49.981,0.841,64.633
11:31:00.732,2.671,10.784,49.834,0.841,64.635
11:31:03.829,2.671,10.784,49.834,0.841,64.648
11:31:06.978,2.671,10.784,49.834,0.841,64.646
11:31:10.093,2.671,10.784,49.834,0.841,64.640
11:31:13.200,2.671,10.784,49.834,0.841,64.621
11:31:16.295,2.671,10.784,49.834,0.841,64.631
11:31:19.389,2.670,10.784,49.834,0.841,64.640
11:31:22.489,2.670,10.784,49.834,0.841,64.639
11:31:25.588,2.670,10.784,49.834,0.841,64.638
11:31:28.697,2.670,10.784,49.834,0.841,64.634
11:31:31.785,2.670,2.669,49.834,0.841,64.627
11:31:34.885,2.670,2.669,49.834,0.841,64.623
11:31:37.995,2.655,2.669,49.834,0.841,65.421
11:31:41.101,2.652,2.669,49.834,0.841,64.653
11:31:44.191,2.651,2.669,49.834,0.841,64.838
11:31:47.290,2.632,2.669,49.834,0.841,65.193
11:31:50.382,2.633,2.669,49.834,0.841,64.655
11:31:53.481,2.633,2.669,49.834,0.841,64.649
